"149180020,CHA£UPKI,Odra (1),""2024"",""01"",""01"",113,25.400,,""11"""
"149180020,CHA£UPKI,Odra (1),""2024"",""01"",""02"",109,23.300,,""11"""
"149180020,CHA£UPKI,Odra (1),""2024"",""01"",""03"",120,30.000,,""11"""
"149180020,CHA£UPKI,Odra (1),""2024"",""01"",""04"",168,59.400,,""11"""
"149180020,CHA£UPKI,Odra (1),""2024"",""01"",""05"",171,61.900,,""11"""
"149180020,CHA£UPKI,Odra (1),""2024"",""01"",""06"",158,52.900,,""11"""
"149180020,CHA£UPKI,Odra (1),""2024"",""01"",""07"",142,42.300,,""11"""
"149180020,CHA£UPKI,Odra (1),""2024"",""01"",""08"",139,40.300,,""11"""
"149180020,CHA£UPKI,Odra (1),""2024"",""01"",""09"",127,33.000,,""11"""
"149180020,CHA£UPKI,Odra (1),""2024"",""01"",""10"",122,30.100,,""11"""
"149180020,CHA£UPKI,Odra (1),""2024"",""01"",""11"",124,31.200,,""11"""
"149180020,CHA£UPKI,Odra (1),""2024"",""01"",""12"",138,39.900,,""11"""
"149180020,CHA£UPKI,Odra (1),""2024"",""01"",""13"",143,42.900,,""11"""
"149180020,CHA£UPKI,Odra (1),""2024"",""01"",""14"",139,39.800,,""11"""
"149180020,CHA£UPKI,Odra (1),""2024"",""01"",""15"",138,39.500,,""11"""
"149180020,CHA£UPKI,Odra (1),""2024"",""01"",""16"",141,41.600,,""11"""
"149180020,CHA£UPKI,Odra (1),""2024"",""01"",""17"",143,42.900,,""11"""
"149180020,CHA£UPKI,Odra (1),""2024"",""01"",""18"",144,43.600,,""11"""
"149180020,CHA£UPKI,Odra (1),""2024"",""01"",""19"",139,39.900,,""11"""
"149180020,CHA£UPKI,Odra (1),""2024"",""01"",""20"",140,40.800,,""11"""
"149180020,CHA£UPKI,Odra (1),""2024"",""01"",""21"",166,58.000,,""11"""
"149180020,CHA£UPKI,Odra (1),""2024"",""01"",""22"",163,56.000,,""11"""
"149180020,CHA£UPKI,Odra (1),""2024"",""01"",""23"",149,46.300,,""11"""
"149180020,CHA£UPKI,Odra (1),""2024"",""01"",""24"",145,44.000,,""11"""
"149180020,CHA£UPKI,Odra (1),""2024"",""01"",""25"",147,45.000,,""11"""
"149180020,CHA£UPKI,Odra (1),""2024"",""01"",""26"",142,42.300,,""11"""
"149180020,CHA£UPKI,Odra (1),""2024"",""01"",""27"",137,39.000,,""11"""
"149180020,CHA£UPKI,Odra (1),""2024"",""01"",""28"",139,40.000,,""11"""
"149180020,CHA£UPKI,Odra (1),""2024"",""01"",""29"",146,44.300,,""11"""
"149180020,CHA£UPKI,Odra (1),""2024"",""01"",""30"",128,33.500,,""11"""
"149180020,CHA£UPKI,Odra (1),""2024"",""02"",""01"",125,31.800,,""12"""
"149180020,CHA£UPKI,Odra (1),""2024"",""02"",""02"",126,32.700,,""12"""
"149180020,CHA£UPKI,Odra (1),""2024"",""02"",""03"",132,35.800,,""12"""
"149180020,CHA£UPKI,Odra (1),""2024"",""02"",""04"",131,35.200,,""12"""
"149180020,CHA£UPKI,Odra (1),""2024"",""02"",""05"",137,39.000,,""12"""
"149180020,CHA£UPKI,Odra (1),""2024"",""02"",""06"",136,38.000,,""12"""
"149180020,CHA£UPKI,Odra (1),""2024"",""02"",""07"",140,40.700,,""12"""
"149180020,CHA£UPKI,Odra (1),""2024"",""02"",""08"",143,42.400,,""12"""
"149180020,CHA£UPKI,Odra (1),""2024"",""02"",""09"",143,42.900,,""12"""
"149180020,CHA£UPKI,Odra (1),""2024"",""02"",""10"",144,43.500,,""12"""
"149180020,CHA£UPKI,Odra (1),""2024"",""02"",""11"",171,62.600,,""12"""
"149180020,CHA£UPKI,Odra (1),""2024"",""02"",""12"",238,117.000,,""12"""
"149180020,CHA£UPKI,Odra (1),""2024"",""02"",""13"",227,107.000,,""12"""
"149180020,CHA£UPKI,Odra (1),""2024"",""02"",""14"",223,104.000,,""12"""
"149180020,CHA£UPKI,Odra (1),""2024"",""02"",""15"",222,103.000,,""12"""
"149180020,CHA£UPKI,Odra (1),""2024"",""02"",""16"",208,91.000,,""12"""
"149180020,CHA£UPKI,Odra (1),""2024"",""02"",""17"",191,77.000,,""12"""
"149180020,CHA£UPKI,Odra (1),""2024"",""02"",""18"",179,67.500,,""12"""
"149180020,CHA£UPKI,Odra (1),""2024"",""02"",""19"",175,64.400,,""12"""
"149180020,CHA£UPKI,Odra (1),""2024"",""02"",""20"",171,62.200,,""12"""
"149180020,CHA£UPKI,Odra (1),""2024"",""02"",""21"",177,66.600,,""12"""
"149180020,CHA£UPKI,Odra (1),""2024"",""02"",""22"",207,90.200,,""12"""
"149180020,CHA£UPKI,Odra (1),""2024"",""02"",""23"",217,97.900,,""12"""
"149180020,CHA£UPKI,Odra (1),""2024"",""02"",""24"",231,111.000,,""12"""
"149180020,CHA£UPKI,Odra (1),""2024"",""02"",""25"",274,151.000,,""12"""
"149180020,CHA£UPKI,Odra (1),""2024"",""02"",""26"",269,146.000,,""12"""
"149180020,CHA£UPKI,Odra (1),""2024"",""02"",""27"",267,144.000,,""12"""
"149180020,CHA£UPKI,Odra (1),""2024"",""02"",""28"",252,130.000,,""12"""
"149180020,CHA£UPKI,Odra (1),""2024"",""02"",""29"",225,106.000,,""12"""
"149180020,CHA£UPKI,Odra (1),""2024"",""02"",""30"",205,88.500,,""12"""
"149180020,CHA£UPKI,Odra (1),""2024"",""02"",""31"",184,71.900,,""12"""
"149180020,CHA£UPKI,Odra (1),""2024"",""03"",""01"",198,82.900,,""01"""
"149180020,CHA£UPKI,Odra (1),""2024"",""03"",""02"",210,92.400,,""01"""
"149180020,CHA£UPKI,Odra (1),""2024"",""03"",""03"",210,92.400,,""01"""
"149180020,CHA£UPKI,Odra (1),""2024"",""03"",""04"",237,117.000,,""01"""
"149180020,CHA£UPKI,Odra (1),""2024"",""03"",""05"",246,124.000,,""01"""
"149180020,CHA£UPKI,Odra (1),""2024"",""03"",""06"",242,120.000,,""01"""
"149180020,CHA£UPKI,Odra (1),""2024"",""03"",""07"",240,119.000,,""01"""
"149180020,CHA£UPKI,Odra (1),""2024"",""03"",""08"",223,104.000,,""01"""
"149180020,CHA£UPKI,Odra (1),""2024"",""03"",""09"",195,79.900,,""01"""
"149180020,CHA£UPKI,Odra (1),""2024"",""03"",""10"",170,61.400,,""01"""
"149180020,CHA£UPKI,Odra (1),""2024"",""03"",""11"",167,58.800,,""01"""
"149180020,CHA£UPKI,Odra (1),""2024"",""03"",""12"",166,58.100,,""01"""
"149180020,CHA£UPKI,Odra (1),""2024"",""03"",""13"",159,53.600,,""01"""
"149180020,CHA£UPKI,Odra (1),""2024"",""03"",""14"",154,49.800,,""01"""
"149180020,CHA£UPKI,Odra (1),""2024"",""03"",""15"",151,47.900,,""01"""
"149180020,CHA£UPKI,Odra (1),""2024"",""03"",""16"",147,45.200,,""01"""
"149180020,CHA£UPKI,Odra (1),""2024"",""03"",""17"",143,42.500,,""01"""
"149180020,CHA£UPKI,Odra (1),""2024"",""03"",""18"",157,52.400,,""01"""
"149180020,CHA£UPKI,Odra (1),""2024"",""03"",""19"",177,66.300,,""01"""
"149180020,CHA£UPKI,Odra (1),""2024"",""03"",""20"",162,55.600,,""01"""
"149180020,CHA£UPKI,Odra (1),""2024"",""03"",""21"",153,49.100,,""01"""
"149180020,CHA£UPKI,Odra (1),""2024"",""03"",""22"",147,45.300,,""01"""
"149180020,CHA£UPKI,Odra (1),""2024"",""03"",""23"",154,49.700,,""01"""
"149180020,CHA£UPKI,Odra (1),""2024"",""03"",""24"",166,58.200,,""01"""
"149180020,CHA£UPKI,Odra (1),""2024"",""03"",""25"",186,72.700,,""01"""
"149180020,CHA£UPKI,Odra (1),""2024"",""03"",""26"",187,73.900,,""01"""
"149180020,CHA£UPKI,Odra (1),""2024"",""03"",""27"",190,75.800,,""01"""
"149180020,CHA£UPKI,Odra (1),""2024"",""03"",""28"",182,69.900,,""01"""
"149180020,CHA£UPKI,Odra (1),""2024"",""03"",""29"",174,64.000,,""01"""
"149180020,CHA£UPKI,Odra (1),""2024"",""03"",""30"",166,58.400,,""01"""
"149180020,CHA£UPKI,Odra (1),""2024"",""03"",""31"",160,53.900,,""01"""
"149180020,CHA£UPKI,Odra (1),""2024"",""04"",""01"",157,51.700,,""02"""
"149180020,CHA£UPKI,Odra (1),""2024"",""04"",""02"",155,50.300,,""02"""
"149180020,CHA£UPKI,Odra (1),""2024"",""04"",""03"",150,47.400,,""02"""
"149180020,CHA£UPKI,Odra (1),""2024"",""04"",""04"",149,46.400,,""02"""
"149180020,CHA£UPKI,Odra (1),""2024"",""04"",""05"",169,60.800,,""02"""
"149180020,CHA£UPKI,Odra (1),""2024"",""04"",""06"",181,69.000,,""02"""
"149180020,CHA£UPKI,Odra (1),""2024"",""04"",""07"",180,68.700,,""02"""
"149180020,CHA£UPKI,Odra (1),""2024"",""04"",""08"",196,80.600,,""02"""
"149180020,CHA£UPKI,Odra (1),""2024"",""04"",""09"",202,85.900,,""02"""
"149180020,CHA£UPKI,Odra (1),""2024"",""04"",""10"",220,101.000,,""02"""
"149180020,CHA£UPKI,Odra (1),""2024"",""04"",""11"",222,103.000,,""02"""
"149180020,CHA£UPKI,Odra (1),""2024"",""04"",""12"",223,104.000,,""02"""
"149180020,CHA£UPKI,Odra (1),""2024"",""04"",""13"",221,102.000,,""02"""
"149180020,CHA£UPKI,Odra (1),""2024"",""04"",""14"",208,90.400,,""02"""
"149180020,CHA£UPKI,Odra (1),""2024"",""04"",""15"",199,83.200,,""02"""
"149180020,CHA£UPKI,Odra (1),""2024"",""04"",""16"",192,78.100,,""02"""
"149180020,CHA£UPKI,Odra (1),""2024"",""04"",""17"",191,76.500,,""02"""
"149180020,CHA£UPKI,Odra (1),""2024"",""04"",""18"",187,73.700,,""02"""
"149180020,CHA£UPKI,Odra (1),""2024"",""04"",""19"",179,67.900,,""02"""
"149180020,CHA£UPKI,Odra (1),""2024"",""04"",""20"",157,52.100,,""02"""
"149180020,CHA£UPKI,Odra (1),""2024"",""04"",""21"",156,51.600,,""02"""
"149180020,CHA£UPKI,Odra (1),""2024"",""04"",""22"",155,50.500,,""02"""
"149180020,CHA£UPKI,Odra (1),""2024"",""04"",""23"",156,51.200,,""02"""
"149180020,CHA£UPKI,Odra (1),""2024"",""04"",""24"",177,66.000,,""02"""
"149180020,CHA£UPKI,Odra (1),""2024"",""04"",""25"",193,78.700,,""02"""
"149180020,CHA£UPKI,Odra (1),""2024"",""04"",""26"",188,74.700,,""02"""
"149180020,CHA£UPKI,Odra (1),""2024"",""04"",""27"",182,70.300,,""02"""
"149180020,CHA£UPKI,Odra (1),""2024"",""04"",""28"",175,64.500,,""02"""
"149180020,CHA£UPKI,Odra (1),""2024"",""04"",""29"",158,52.400,,""02"""
"149180020,CHA£UPKI,Odra (1),""2024"",""05"",""01"",161,54.700,,""03"""
"149180020,CHA£UPKI,Odra (1),""2024"",""05"",""02"",162,55.400,,""03"""
"149180020,CHA£UPKI,Odra (1),""2024"",""05"",""03"",155,50.900,,""03"""
"149180020,CHA£UPKI,Odra (1),""2024"",""05"",""04"",150,47.500,,""03"""
"149180020,CHA£UPKI,Odra (1),""2024"",""05"",""05"",146,44.400,,""03"""
"149180020,CHA£UPKI,Odra (1),""2024"",""05"",""06"",143,42.500,,""03"""
"149180020,CHA£UPKI,Odra (1),""2024"",""05"",""07"",138,39.200,,""03"""
"149180020,CHA£UPKI,Odra (1),""2024"",""05"",""08"",135,37.500,,""03"""
"149180020,CHA£UPKI,Odra (1),""2024"",""05"",""09"",133,36.400,,""03"""
"149180020,CHA£UPKI,Odra (1),""2024"",""05"",""10"",131,35.000,,""03"""
"149180020,CHA£UPKI,Odra (1),""2024"",""05"",""11"",129,34.100,,""03"""
"149180020,CHA£UPKI,Odra (1),""2024"",""05"",""12"",137,38.900,,""03"""
"149180020,CHA£UPKI,Odra (1),""2024"",""05"",""13"",178,66.700,,""03"""
"149180020,CHA£UPKI,Odra (1),""2024"",""05"",""14"",168,59.800,,""03"""
"149180020,CHA£UPKI,Odra (1),""2024"",""05"",""15"",158,52.900,,""03"""
"149180020,CHA£UPKI,Odra (1),""2024"",""05"",""16"",154,49.600,,""03"""
"149180020,CHA£UPKI,Odra (1),""2024"",""05"",""17"",166,58.700,,""03"""
"149180020,CHA£UPKI,Odra (1),""2024"",""05"",""18"",160,54.400,,""03"""
"149180020,CHA£UPKI,Odra (1),""2024"",""05"",""19"",153,49.000,,""03"""
"149180020,CHA£UPKI,Odra (1),""2024"",""05"",""20"",149,46.400,,""03"""
"149180020,CHA£UPKI,Odra (1),""2024"",""05"",""21"",143,42.800,,""03"""
"149180020,CHA£UPKI,Odra (1),""2024"",""05"",""22"",139,40.200,,""03"""
"149180020,CHA£UPKI,Odra (1),""2024"",""05"",""23"",131,35.500,,""03"""
"149180020,CHA£UPKI,Odra (1),""2024"",""05"",""24"",133,36.300,,""03"""
"149180020,CHA£UPKI,Odra (1),""2024"",""05"",""25"",129,34.400,,""03"""
"149180020,CHA£UPKI,Odra (1),""2024"",""05"",""26"",126,32.500,,""03"""
"149180020,CHA£UPKI,Odra (1),""2024"",""05"",""27"",123,30.800,,""03"""
"149180020,CHA£UPKI,Odra (1),""2024"",""05"",""28"",122,30.200,,""03"""
"149180020,CHA£UPKI,Odra (1),""2024"",""05"",""29"",120,29.200,,""03"""
"149180020,CHA£UPKI,Odra (1),""2024"",""05"",""30"",119,28.700,,""03"""
"149180020,CHA£UPKI,Odra (1),""2024"",""05"",""31"",116,27.000,,""03"""
"149180020,CHA£UPKI,Odra (1),""2024"",""06"",""01"",115,26.500,,""04"""
"149180020,CHA£UPKI,Odra (1),""2024"",""06"",""02"",173,64.400,,""04"""
"149180020,CHA£UPKI,Odra (1),""2024"",""06"",""03"",163,56.200,,""04"""
"149180020,CHA£UPKI,Odra (1),""2024"",""06"",""04"",147,45.600,,""04"""
"149180020,CHA£UPKI,Odra (1),""2024"",""06"",""05"",136,38.500,,""04"""
"149180020,CHA£UPKI,Odra (1),""2024"",""06"",""06"",130,34.700,,""04"""
"149180020,CHA£UPKI,Odra (1),""2024"",""06"",""07"",127,33.100,,""04"""
"149180020,CHA£UPKI,Odra (1),""2024"",""06"",""08"",123,31.000,,""04"""
"149180020,CHA£UPKI,Odra (1),""2024"",""06"",""09"",117,27.500,,""04"""
"149180020,CHA£UPKI,Odra (1),""2024"",""06"",""10"",114,26.100,,""04"""
"149180020,CHA£UPKI,Odra (1),""2024"",""06"",""11"",112,25.100,,""04"""
"149180020,CHA£UPKI,Odra (1),""2024"",""06"",""12"",111,24.500,,""04"""
"149180020,CHA£UPKI,Odra (1),""2024"",""06"",""13"",110,24.100,,""04"""
"149180020,CHA£UPKI,Odra (1),""2024"",""06"",""14"",112,25.000,,""04"""
"149180020,CHA£UPKI,Odra (1),""2024"",""06"",""15"",111,24.300,,""04"""
"149180020,CHA£UPKI,Odra (1),""2024"",""06"",""16"",115,26.700,,""04"""
"149180020,CHA£UPKI,Odra (1),""2024"",""06"",""17"",111,24.300,,""04"""
"149180020,CHA£UPKI,Odra (1),""2024"",""06"",""18"",109,23.700,,""04"""
"149180020,CHA£UPKI,Odra (1),""2024"",""06"",""19"",109,23.700,,""04"""
"149180020,CHA£UPKI,Odra (1),""2024"",""06"",""20"",114,25.800,,""04"""
"149180020,CHA£UPKI,Odra (1),""2024"",""06"",""21"",132,35.700,,""04"""
"149180020,CHA£UPKI,Odra (1),""2024"",""06"",""22"",139,40.400,,""04"""
"149180020,CHA£UPKI,Odra (1),""2024"",""06"",""23"",138,39.300,,""04"""
"149180020,CHA£UPKI,Odra (1),""2024"",""06"",""24"",128,33.600,,""04"""
"149180020,CHA£UPKI,Odra (1),""2024"",""06"",""25"",138,39.200,,""04"""
"149180020,CHA£UPKI,Odra (1),""2024"",""06"",""26"",134,37.200,,""04"""
"149180020,CHA£UPKI,Odra (1),""2024"",""06"",""27"",126,32.500,,""04"""
"149180020,CHA£UPKI,Odra (1),""2024"",""06"",""28"",118,28.100,,""04"""
"149180020,CHA£UPKI,Odra (1),""2024"",""06"",""29"",114,26.600,,""04"""
"149180020,CHA£UPKI,Odra (1),""2024"",""06"",""30"",114,25.900,,""04"""
"149180020,CHA£UPKI,Odra (1),""2024"",""07"",""01"",113,25.500,,""05"""
"149180020,CHA£UPKI,Odra (1),""2024"",""07"",""02"",104,21.000,,""05"""
"149180020,CHA£UPKI,Odra (1),""2024"",""07"",""03"",100,19.400,,""05"""
"149180020,CHA£UPKI,Odra (1),""2024"",""07"",""04"",99,18.600,,""05"""
"149180020,CHA£UPKI,Odra (1),""2024"",""07"",""05"",98,18.000,,""05"""
"149180020,CHA£UPKI,Odra (1),""2024"",""07"",""06"",101,19.700,,""05"""
"149180020,CHA£UPKI,Odra (1),""2024"",""07"",""07"",102,20.200,,""05"""
"149180020,CHA£UPKI,Odra (1),""2024"",""07"",""08"",96,17.400,,""05"""
"149180020,CHA£UPKI,Odra (1),""2024"",""07"",""09"",91,14.900,,""05"""
"149180020,CHA£UPKI,Odra (1),""2024"",""07"",""10"",89,14.100,,""05"""
"149180020,CHA£UPKI,Odra (1),""2024"",""07"",""11"",93,16.000,,""05"""
"149180020,CHA£UPKI,Odra (1),""2024"",""07"",""12"",96,17.100,,""05"""
"149180020,CHA£UPKI,Odra (1),""2024"",""07"",""13"",92,15.600,,""05"""
"149180020,CHA£UPKI,Odra (1),""2024"",""07"",""14"",94,16.300,,""05"""
"149180020,CHA£UPKI,Odra (1),""2024"",""07"",""15"",92,15.600,,""05"""
"149180020,CHA£UPKI,Odra (1),""2024"",""07"",""16"",93,16.000,,""05"""
"149180020,CHA£UPKI,Odra (1),""2024"",""07"",""17"",97,17.600,,""05"""
"149180020,CHA£UPKI,Odra (1),""2024"",""07"",""18"",97,17.600,,""05"""
"149180020,CHA£UPKI,Odra (1),""2024"",""07"",""19"",94,16.500,,""05"""
"149180020,CHA£UPKI,Odra (1),""2024"",""07"",""20"",96,17.200,,""05"""
"149180020,CHA£UPKI,Odra (1),""2024"",""07"",""21"",94,16.400,,""05"""
"149180020,CHA£UPKI,Odra (1),""2024"",""07"",""22"",87,13.200,,""05"""
"149180020,CHA£UPKI,Odra (1),""2024"",""07"",""23"",85,12.600,,""05"""
"149180020,CHA£UPKI,Odra (1),""2024"",""07"",""24"",85,12.300,,""05"""
"149180020,CHA£UPKI,Odra (1),""2024"",""07"",""25"",92,15.500,,""05"""
"149180020,CHA£UPKI,Odra (1),""2024"",""07"",""26"",91,15.200,,""05"""
"149180020,CHA£UPKI,Odra (1),""2024"",""07"",""27"",90,14.400,,""05"""
"149180020,CHA£UPKI,Odra (1),""2024"",""07"",""28"",95,17.000,,""05"""
"149180020,CHA£UPKI,Odra (1),""2024"",""07"",""29"",91,14.800,,""05"""
"149180020,CHA£UPKI,Odra (1),""2024"",""07"",""30"",89,14.300,,""05"""
"149180020,CHA£UPKI,Odra (1),""2024"",""07"",""31"",88,14.000,,""05"""
"149180020,CHA£UPKI,Odra (1),""2024"",""08"",""01"",117,27.700,,""06"""
"149180020,CHA£UPKI,Odra (1),""2024"",""08"",""02"",119,28.400,,""06"""
"149180020,CHA£UPKI,Odra (1),""2024"",""08"",""03"",124,31.300,,""06"""
"149180020,CHA£UPKI,Odra (1),""2024"",""08"",""04"",273,158.000,,""06"""
"149180020,CHA£UPKI,Odra (1),""2024"",""08"",""05"",222,101.000,,""06"""
"149180020,CHA£UPKI,Odra (1),""2024"",""08"",""06"",159,49.500,,""06"""
"149180020,CHA£UPKI,Odra (1),""2024"",""08"",""07"",135,34.400,,""06"""
"149180020,CHA£UPKI,Odra (1),""2024"",""08"",""08"",115,24.100,,""06"""
"149180020,CHA£UPKI,Odra (1),""2024"",""08"",""09"",125,29.200,,""06"""
"149180020,CHA£UPKI,Odra (1),""2024"",""08"",""10"",135,34.500,,""06"""
"149180020,CHA£UPKI,Odra (1),""2024"",""08"",""11"",137,35.500,,""06"""
"149180020,CHA£UPKI,Odra (1),""2024"",""08"",""12"",125,28.900,,""06"""
"149180020,CHA£UPKI,Odra (1),""2024"",""08"",""13"",112,22.500,,""06"""
"149180020,CHA£UPKI,Odra (1),""2024"",""08"",""14"",106,20.000,,""06"""
"149180020,CHA£UPKI,Odra (1),""2024"",""08"",""15"",102,18.200,,""06"""
"149180020,CHA£UPKI,Odra (1),""2024"",""08"",""16"",113,23.300,,""06"""
"149180020,CHA£UPKI,Odra (1),""2024"",""08"",""17"",123,28.200,,""06"""
"149180020,CHA£UPKI,Odra (1),""2024"",""08"",""18"",112,22.500,,""06"""
"149180020,CHA£UPKI,Odra (1),""2024"",""08"",""19"",109,21.800,,""06"""
"149180020,CHA£UPKI,Odra (1),""2024"",""08"",""20"",137,35.800,,""06"""
"149180020,CHA£UPKI,Odra (1),""2024"",""08"",""21"",121,26.900,,""06"""
"149180020,CHA£UPKI,Odra (1),""2024"",""08"",""22"",144,39.800,,""06"""
"149180020,CHA£UPKI,Odra (1),""2024"",""08"",""23"",140,37.400,,""06"""
"149180020,CHA£UPKI,Odra (1),""2024"",""08"",""24"",122,27.700,,""06"""
"149180020,CHA£UPKI,Odra (1),""2024"",""08"",""25"",117,24.800,,""06"""
"149180020,CHA£UPKI,Odra (1),""2024"",""08"",""26"",112,22.800,,""06"""
"149180020,CHA£UPKI,Odra (1),""2024"",""08"",""27"",128,31.600,,""06"""
"149180020,CHA£UPKI,Odra (1),""2024"",""08"",""28"",161,50.700,,""06"""
"149180020,CHA£UPKI,Odra (1),""2024"",""08"",""29"",141,38.100,,""06"""
"149180020,CHA£UPKI,Odra (1),""2024"",""08"",""30"",122,27.300,,""06"""
"149180020,CHA£UPKI,Odra (1),""2024"",""09"",""01"",247,126.000,,""07"""
"149180020,CHA£UPKI,Odra (1),""2024"",""09"",""02"",208,87.400,,""07"""
"149180020,CHA£UPKI,Odra (1),""2024"",""09"",""03"",164,52.700,,""07"""
"149180020,CHA£UPKI,Odra (1),""2024"",""09"",""04"",146,40.700,,""07"""
"149180020,CHA£UPKI,Odra (1),""2024"",""09"",""05"",130,31.800,,""07"""
"149180020,CHA£UPKI,Odra (1),""2024"",""09"",""06"",122,27.500,,""07"""
"149180020,CHA£UPKI,Odra (1),""2024"",""09"",""07"",116,24.500,,""07"""
"149180020,CHA£UPKI,Odra (1),""2024"",""09"",""08"",117,25.000,,""07"""
"149180020,CHA£UPKI,Odra (1),""2024"",""09"",""09"",113,23.100,,""07"""
"149180020,CHA£UPKI,Odra (1),""2024"",""09"",""10"",108,20.800,,""07"""
"149180020,CHA£UPKI,Odra (1),""2024"",""09"",""11"",121,27.300,,""07"""
"149180020,CHA£UPKI,Odra (1),""2024"",""09"",""12"",109,21.200,,""07"""
"149180020,CHA£UPKI,Odra (1),""2024"",""09"",""13"",156,47.300,,""07"""
"149180020,CHA£UPKI,Odra (1),""2024"",""09"",""14"",139,36.600,,""07"""
"149180020,CHA£UPKI,Odra (1),""2024"",""09"",""15"",127,30.100,,""07"""
"149180020,CHA£UPKI,Odra (1),""2024"",""09"",""16"",122,27.200,,""07"""
"149180020,CHA£UPKI,Odra (1),""2024"",""09"",""17"",117,25.000,,""07"""
"149180020,CHA£UPKI,Odra (1),""2024"",""09"",""18"",110,21.700,,""07"""
"149180020,CHA£UPKI,Odra (1),""2024"",""09"",""19"",107,20.500,,""07"""
"149180020,CHA£UPKI,Odra (1),""2024"",""09"",""20"",102,18.400,,""07"""
"149180020,CHA£UPKI,Odra (1),""2024"",""09"",""21"",99,17.000,,""07"""
"149180020,CHA£UPKI,Odra (1),""2024"",""09"",""22"",93,14.700,,""07"""
"149180020,CHA£UPKI,Odra (1),""2024"",""09"",""23"",91,14.200,,""07"""
"149180020,CHA£UPKI,Odra (1),""2024"",""09"",""24"",98,17.100,,""07"""
"149180020,CHA£UPKI,Odra (1),""2024"",""09"",""25"",106,20.100,,""07"""
"149180020,CHA£UPKI,Odra (1),""2024"",""09"",""26"",96,16.000,,""07"""
"149180020,CHA£UPKI,Odra (1),""2024"",""09"",""27"",95,15.700,,""07"""
"149180020,CHA£UPKI,Odra (1),""2024"",""09"",""28"",97,16.400,,""07"""
"149180020,CHA£UPKI,Odra (1),""2024"",""09"",""29"",92,14.400,,""07"""
"149180020,CHA£UPKI,Odra (1),""2024"",""09"",""30"",86,12.300,,""07"""
"149180020,CHA£UPKI,Odra (1),""2024"",""09"",""31"",84,11.800,,""07"""
"149180020,CHA£UPKI,Odra (1),""2024"",""10"",""01"",83,11.600,,""08"""
"149180020,CHA£UPKI,Odra (1),""2024"",""10"",""02"",84,11.900,,""08"""
"149180020,CHA£UPKI,Odra (1),""2024"",""10"",""03"",92,14.500,,""08"""
"149180020,CHA£UPKI,Odra (1),""2024"",""10"",""04"",94,15.100,,""08"""
"149180020,CHA£UPKI,Odra (1),""2024"",""10"",""05"",94,15.100,,""08"""
"149180020,CHA£UPKI,Odra (1),""2024"",""10"",""06"",92,14.500,,""08"""
"149180020,CHA£UPKI,Odra (1),""2024"",""10"",""07"",87,12.800,,""08"""
"149180020,CHA£UPKI,Odra (1),""2024"",""10"",""08"",84,11.800,,""08"""
"149180020,CHA£UPKI,Odra (1),""2024"",""10"",""09"",97,16.400,,""08"""
"149180020,CHA£UPKI,Odra (1),""2024"",""10"",""10"",91,14.100,,""08"""
"149180020,CHA£UPKI,Odra (1),""2024"",""10"",""11"",84,11.800,,""08"""
"149180020,CHA£UPKI,Odra (1),""2024"",""10"",""12"",81,10.700,,""08"""
"149180020,CHA£UPKI,Odra (1),""2024"",""10"",""13"",80,10.400,,""08"""
"149180020,CHA£UPKI,Odra (1),""2024"",""10"",""14"",79,10.200,,""08"""
"149180020,CHA£UPKI,Odra (1),""2024"",""10"",""15"",77,9.760,,""08"""
"149180020,CHA£UPKI,Odra (1),""2024"",""10"",""16"",79,10.100,,""08"""
"149180020,CHA£UPKI,Odra (1),""2024"",""10"",""17"",97,18.000,,""08"""
"149180020,CHA£UPKI,Odra (1),""2024"",""10"",""18"",145,40.900,,""08"""
"149180020,CHA£UPKI,Odra (1),""2024"",""10"",""19"",120,26.300,,""08"""
"149180020,CHA£UPKI,Odra (1),""2024"",""10"",""20"",106,20.000,,""08"""
"149180020,CHA£UPKI,Odra (1),""2024"",""10"",""21"",98,16.800,,""08"""
"149180020,CHA£UPKI,Odra (1),""2024"",""10"",""22"",92,14.700,,""08"""
"149180020,CHA£UPKI,Odra (1),""2024"",""10"",""23"",88,13.000,,""08"""
"149180020,CHA£UPKI,Odra (1),""2024"",""10"",""24"",83,11.300,,""08"""
"149180020,CHA£UPKI,Odra (1),""2024"",""10"",""25"",80,10.600,,""08"""
"149180020,CHA£UPKI,Odra (1),""2024"",""10"",""26"",79,10.200,,""08"""
"149180020,CHA£UPKI,Odra (1),""2024"",""10"",""27"",78,10.000,,""08"""
"149180020,CHA£UPKI,Odra (1),""2024"",""10"",""28"",79,10.300,,""08"""
"149180020,CHA£UPKI,Odra (1),""2024"",""10"",""29"",85,12.200,,""08"""
"149180020,CHA£UPKI,Odra (1),""2024"",""10"",""30"",82,11.100,,""08"""
"149180020,CHA£UPKI,Odra (1),""2024"",""10"",""31"",75,9.090,,""08"""
"149180020,CHA£UPKI,Odra (1),""2024"",""11"",""01"",74,8.800,,""09"""
"149180020,CHA£UPKI,Odra (1),""2024"",""11"",""02"",76,9.390,,""09"""
"149180020,CHA£UPKI,Odra (1),""2024"",""11"",""03"",83,11.400,,""09"""
"149180020,CHA£UPKI,Odra (1),""2024"",""11"",""04"",83,11.400,,""09"""
"149180020,CHA£UPKI,Odra (1),""2024"",""11"",""05"",82,11.100,,""09"""
"149180020,CHA£UPKI,Odra (1),""2024"",""11"",""06"",81,10.900,,""09"""
"149180020,CHA£UPKI,Odra (1),""2024"",""11"",""07"",82,11.000,,""09"""
"149180020,CHA£UPKI,Odra (1),""2024"",""11"",""08"",81,10.800,,""09"""
"149180020,CHA£UPKI,Odra (1),""2024"",""11"",""09"",83,11.500,,""09"""
"149180020,CHA£UPKI,Odra (1),""2024"",""11"",""10"",89,13.400,,""09"""
"149180020,CHA£UPKI,Odra (1),""2024"",""11"",""11"",96,15.800,,""09"""
"149180020,CHA£UPKI,Odra (1),""2024"",""11"",""12"",153,52.400,,""09"""
"149180020,CHA£UPKI,Odra (1),""2024"",""11"",""13"",242,119.000,,""09"""
"149180020,CHA£UPKI,Odra (1),""2024"",""11"",""14"",476,527.000,,""09"""
"149180020,CHA£UPKI,Odra (1),""2024"",""11"",""15"",682,1480.000,,""09"""
"149180020,CHA£UPKI,Odra (1),""2024"",""11"",""16"",672,1340.000,,""09"""
"149180020,CHA£UPKI,Odra (1),""2024"",""11"",""17"",559,735.000,,""09"""
"149180020,CHA£UPKI,Odra (1),""2024"",""11"",""18"",453,391.000,,""09"""
"149180020,CHA£UPKI,Odra (1),""2024"",""11"",""19"",369,242.000,,""09"""
"149180020,CHA£UPKI,Odra (1),""2024"",""11"",""20"",307,156.000,,""09"""
"149180020,CHA£UPKI,Odra (1),""2024"",""11"",""21"",289,134.000,,""09"""
"149180020,CHA£UPKI,Odra (1),""2024"",""11"",""22"",255,94.800,,""09"""
"149180020,CHA£UPKI,Odra (1),""2024"",""11"",""23"",240,78.600,,""09"""
"149180020,CHA£UPKI,Odra (1),""2024"",""11"",""24"",231,69.300,,""09"""
"149180020,CHA£UPKI,Odra (1),""2024"",""11"",""25"",223,62.600,,""09"""
"149180020,CHA£UPKI,Odra (1),""2024"",""11"",""26"",219,58.500,,""09"""
"149180020,CHA£UPKI,Odra (1),""2024"",""11"",""27"",215,55.400,,""09"""
"149180020,CHA£UPKI,Odra (1),""2024"",""11"",""28"",215,55.000,,""09"""
"149180020,CHA£UPKI,Odra (1),""2024"",""11"",""29"",208,49.800,,""09"""
"149180020,CHA£UPKI,Odra (1),""2024"",""11"",""30"",205,47.700,,""09"""
"149180020,CHA£UPKI,Odra (1),""2024"",""12"",""01"",202,45.200,,""10"""
"149180020,CHA£UPKI,Odra (1),""2024"",""12"",""02"",195,40.600,,""10"""
"149180020,CHA£UPKI,Odra (1),""2024"",""12"",""03"",198,42.500,,""10"""
"149180020,CHA£UPKI,Odra (1),""2024"",""12"",""04"",196,41.200,,""10"""
"149180020,CHA£UPKI,Odra (1),""2024"",""12"",""05"",207,49.300,,""10"""
"149180020,CHA£UPKI,Odra (1),""2024"",""12"",""06"",219,58.400,,""10"""
"149180020,CHA£UPKI,Odra (1),""2024"",""12"",""07"",213,53.500,,""10"""
"149180020,CHA£UPKI,Odra (1),""2024"",""12"",""08"",207,49.300,,""10"""
"149180020,CHA£UPKI,Odra (1),""2024"",""12"",""09"",202,45.100,,""10"""
"149180020,CHA£UPKI,Odra (1),""2024"",""12"",""10"",193,39.500,,""10"""
"149180020,CHA£UPKI,Odra (1),""2024"",""12"",""11"",197,42.400,,""10"""
"149180020,CHA£UPKI,Odra (1),""2024"",""12"",""12"",193,39.200,,""10"""
"149180020,CHA£UPKI,Odra (1),""2024"",""12"",""13"",190,37.000,,""10"""
"149180020,CHA£UPKI,Odra (1),""2024"",""12"",""14"",189,36.200,,""10"""
"149180020,CHA£UPKI,Odra (1),""2024"",""12"",""15"",186,34.600,,""10"""
"149180020,CHA£UPKI,Odra (1),""2024"",""12"",""16"",184,32.900,,""10"""
"149180020,CHA£UPKI,Odra (1),""2024"",""12"",""17"",182,31.800,,""10"""
"149180020,CHA£UPKI,Odra (1),""2024"",""12"",""18"",180,30.900,,""10"""
"149180020,CHA£UPKI,Odra (1),""2024"",""12"",""19"",179,29.700,,""10"""
"149180020,CHA£UPKI,Odra (1),""2024"",""12"",""20"",177,28.700,,""10"""
"149180020,CHA£UPKI,Odra (1),""2024"",""12"",""21"",176,27.800,,""10"""
"149180020,CHA£UPKI,Odra (1),""2024"",""12"",""22"",174,26.500,,""10"""
"149180020,CHA£UPKI,Odra (1),""2024"",""12"",""23"",173,25.900,,""10"""
"149180020,CHA£UPKI,Odra (1),""2024"",""12"",""24"",173,25.900,,""10"""
"149180020,CHA£UPKI,Odra (1),""2024"",""12"",""25"",172,25.700,,""10"""
"149180020,CHA£UPKI,Odra (1),""2024"",""12"",""26"",171,25.100,,""10"""
"149180020,CHA£UPKI,Odra (1),""2024"",""12"",""27"",170,24.100,,""10"""
"149180020,CHA£UPKI,Odra (1),""2024"",""12"",""28"",169,23.400,,""10"""
"149180020,CHA£UPKI,Odra (1),""2024"",""12"",""29"",169,23.500,,""10"""
"149180020,CHA£UPKI,Odra (1),""2024"",""12"",""30"",169,23.300,,""10"""
"149180020,CHA£UPKI,Odra (1),""2024"",""12"",""31"",168,23.100,,""10"""
